Country,Hydrogen Stations
Germany,174
France,109
Netherlands,29
Spain,29
Sweden,22
Switzerland,20
United Kingdom,20
Poland,15
Italy,13
Austria,12
Belgium,10
Norway,9
Czechia,8
Denmark,5
Portugal,2
Slovenia,2
Iceland,2
Croatia,2
Latvia,1
Luxembourg,1
Hungary,1
